cluster_id,x,y
27,0.09051729712183482,0.5463592143310257
