panel,xmin,ymax,xmax,ymin
A,0.06666666666666667,0.8125,0.3021739130434783,0.19000000000000014
B,0.33985507246376817,0.8125,0.5753623188405799,0.19000000000000014
C,0.6130434782608697,0.8125,0.8485507246376813,0.19000000000000014
D,0.8862318840579712,0.8125,0.9333333333333335,0.19000000000000014
